"param";"min";"max"
"Chl_summer";0;5.21636915206909
"DO_bot";0.00856360048055649;6.18511724472046
"MSMDI";0.441707084576289;0.750819603602091
"NH4_summer";0.444251179695129;92.9279708862305
"NH4_winter";6.52093172073364;77.8985214233398
"NO3_summer";0.235870152711868;333.183044433594
"NO3_winter";35.775764465332;1165.11975097656
"PO4_summer";0.58286440372467;8.10787677764893
"PO4_winter";8.92003631591797;20.6882858276367
"Secchi";0.159369543194771;13.8856239318848
